file_name,test_type,time,result
A-A,circle,0.031772613525390625,Success
A-B,circle,0.03185129165649414,Success
A-C,circle,0.03178906440734863,Success
A-D,circle,0.06391596794128418,Success
A-E,circle,0.03182363510131836,Success
A-F,circle,0.03180432319641113,Success
A-G,circle,0.031787872314453125,Success
A-H,circle,0.031809329986572266,Success
A-I,circle,0.03182625770568848,Success
A-J,circle,0.03181338310241699,Success
A-K,circle,0.03179287910461426,Success
A-L,circle,0.03251242637634277,Success
A-M,circle,0.0325775146484375,Success
A-N,circle,0.03248238563537598,Success
A-O,circle,0.031809091567993164,Success
A-P,circle,0.03241777420043945,Success
A-Q,circle,0.031871795654296875,Success
A-R,circle,0.06468510627746582,Success
A-S,circle,0.03253579139709473,Success
A-T,circle,0.06390619277954102,Success
A-U,circle,0.032582759857177734,Success
A-V,circle,0.031754493713378906,Success
A-W,circle,0.03177237510681152,Success
A-X,circle,0.03224635124206543,Success
A-Y,circle,0.03183722496032715,Success
A-Z,circle,0.031796932220458984,Success
